Feature_1,Feature_2,Feature_3,Feature_4,Feature_5,Feature_6,Feature_7,Feature_8,Feature_9,Feature_10,Feature_11,Feature_12,Feature_13,Feature_14,target
43.708610696262625,32.10158230771439,141.24954753437305,5,21.425146093440258,47.60504021990997,4,99.63705768961745,31.8099200586827,230,32.823930366575134,36.455573487813695,86,0.9912632267336332,0
95.56428757689245,4.206998249752441,461.0211626718267,2,7.2126347391041445,66.36711653626482,2,97.50452305253152,43.08392812202812,689,6.404787318310001,15.268620639914003,41,0.820012629119356,0
75.87945476302646,8.081435704730689,302.10094897914286,6,21.929045834690363,93.6829739324758,0,65.38224294834676,19.750887466955803,62,16.91337529972492,18.612214586144113,55,0.6948823736759592,1
63.8792635777333,44.927709426353964,430.5829864430967,5,7.549773246639648,73.25720972102503,0,20.754702641985368,24.491947962774425,484,46.404182016302485,25.27852369561116,16,0.5324926994371466,1
24.041677639819287,30.321452982979498,228.0198404122447,6,12.945745811207345,21.494037859075675,0,68.34259600069784,64.48942831719862,627,11.230780592192597,27.58699952062682,93,0.4488530716747082,1
24.03950683025824,0.4598525808314824,458.2092913984802,1,20.94590731559107,3.1183135061284672,1,8.14764248893841,24.515067815650156,702,18.608351191875666,81.5554452057024,62,0.08439238054454234,1
15.227525095137953,5.0735771433016055,255.68067149366524,5,7.998348546975476,26.22640442998251,3,4.0345977183748,52.01307069336481,573,21.6038441472098,55.510050945427245,48,0.39936874839469094,1
87.95585311974416,33.17508845540279,104.33506059211935,9,9.58502790465283,59.507793070025485,4,26.510605962610153,66.72370093779462,767,21.970249484722608,52.10518202369298,30,0.9101346367821342,1
64.1003510568888,0.25307919231093434,462.15279056770544,2,19.445051367861325,5.1425813484250344,2,46.799672717192315,18.55015384757951,482,30.646979124726276,15.329198468229572,12,0.8080226299065529,1
73.7265320016441,8.040402570874933,136.51467071445342,1,19.400730730921488,49.636624720123635,2,86.95897803542967,55.38497757031229,518,47.15379188723538,82.41257240144915,35,0.2160513650116872,1
11.85260448662222,27.436689468329305,227.72545503616595,9,17.822952657705947,59.68428489168892,1,72.98973790686449,30.5250226961091,154,12.034635591625248,70.05328728876353,11,0.46660778469721587,1
97.29188669457949,34.59475988463466,480.024786820322,9,18.878968889342,33.424389081696084,0,74.52794559879813,87.03415001900639,91,6.075068815045903,11.090152571000143,64,0.8167232025585446,0
84.91983767203796,32.59806297513003,480.24285877502246,9,15.854488866951923,77.09122037458219,1,43.12384011035946,48.683651737593976,981,9.873524492996866,68.70515875067917,50,0.06738455478552252,1
29.110519961044854,11.21346547302799,329.37515524931445,6,10.035981178139055,10.65982531337718,3,35.24756426214933,74.47940398201266,525,44.34624501046348,53.918439560838145,85,0.3873925856686593,0
26.364247048639054,35.6089610673768,352.73488486791973,8,11.913919870078388,7.513778173580876,3,37.73283753547567,54.01812337250094,454,32.2905406327603,12.355281117210044,21,0.8518412368739476,0
26.506405886809045,11.862454374840004,279.3782087913279,1,8.631954336028514,72.81887562036033,4,98.77730680986973,13.473002628385533,740,14.295339461958006,46.247057737579084,69,0.40389786417012374,1
37.381801866358394,16.269984907963387,217.28430867922583,4,23.169011226672566,49.549131620619846,4,4.970809949835766,60.65211004752179,597,40.797346948430864,48.622665841704226,48,0.07761464473144086,1
57.228078846901404,37.32457025590121,231.4658181479664,1,16.66783589532241,68.84023964277361,3,86.8361181161224,86.11226737653256,644,43.0684998181718,19.91970861469482,20,0.5425343685322515,0
48.87505167779042,32.48164495236073,369.00738243081537,8,13.017028335272798,43.48273386037462,3,58.28886544866695,58.1289456117065,509,42.3257169345139,90.11283323002542,67,0.8617424949182954,0
36.21062261782377,42.4611705247089,400.949811775072,1,14.240116072882653,24.640203323910683,3,44.42292649976945,75.53510875414321,182,45.94632668197772,81.49778343325957,44,0.5902855429531597,1
65.06676052501416,32.88064461501717,416.6316174903394,3,23.945666792236306,81.91023176741997,1,72.80050838109851,80.73651706787263,385,12.612051008668079,65.21201035961974,33,0.2262791082142318,0
22.554447458683764,28.415430166773582,415.8472571178215,4,8.067028062321604,79.94158789689793,3,49.18022520104558,28.246381755914598,573,37.75209643731392,46.606600490054646,73,0.38423962013738133,1
36.29301836816963,4.683738391404624,136.48244121947613,8,16.724596640335946,69.46964708544267,2,87.4689005700844,26.96358719265813,730,23.026974863707,42.05889874260576,61,0.4501233611819322,1
42.97256589643225,18.385790152971676,297.7681218810326,6,15.11777357768932,27.21451372299627,0,90.1694845371146,58.87847910807934,404,42.099927644503076,63.58761204358588,9,0.5792663538205268,1
51.046298579533236,13.260118384086272,123.02350400665772,7,17.22908470869296,59.023066686908706,3,42.750371760472085,42.882277584536375,245,36.42453385808066,54.088868246621495,68,0.759351025752613,0
80.66583652537122,12.199482168954178,319.8115529294942,8,5.36220367641681,36.09738969400268,0,28.405951926270106,77.18890422933762,741,38.82237232498623,10.604579529369705,35,0.0988736176406354,0
27.970640394252378,48.65052773762228,276.6122005493508,2,22.44247817888303,9.158207332663416,1,59.64268253074286,82.00184987184089,590,32.808091884053574,51.12523838932985,81,0.8896520330175663,1
56.28109945722505,19.65488623333802,455.08167310331993,8,23.642365649672247,91.73135754622427,0,91.3239712160524,38.27371034421745,660,8.871438473485343,77.57632555095556,98,0.01230970301607559,0
63.31731119758382,44.602327758855665,240.36600502083147,3,16.30266367178418,13.68186309189614,1,21.85555671156099,28.949644717958563,649,27.251345944846918,46.33158898372623,88,0.37005233467425525,0
14.180537144799796,31.556931299863145,146.82680657104234,7,18.933016477537844,95.02373538208025,2,62.67369177278479,72.44204121950895,470,49.23348697622541,9.676091979884157,96,0.027420309972657653,0
64.67903667112945,39.74056517708242,157.19667282113434,3,23.449987623545915,44.600577295795574,1,63.52446178915953,31.984482843850888,825,46.869403324855945,75.76503794456298,65,0.39297422534529125,0
25.347171131856236,25.131854655259605,404.6042526869889,7,19.14477268626797,18.513292883861965,1,73.57818921911282,75.80914548109428,887,2.1586867898505835,23.122740392237695,8,0.5258125988733238,0
15.854643368675156,28.845194231317954,347.2872253265044,2,8.050780858285227,54.190094737835814,4,14.02520082759872,43.89906029190102,422,8.240740786471857,28.27587513992349,45,0.5116813865815117,0
95.39969835279999,24.625884690943195,140.4490704491161,6,16.525767203336265,87.29458358764083,3,71.86667150352677,63.403991943317635,900,6.586438672728096,19.823571808906628,87,0.16562834702826534,0
96.90688297671034,9.762149389902225,133.64272244599897,3,17.13430092765712,73.22248864095612,3,90.99421954589846,17.642825106773454,64,36.29899549926478,34.71935583843478,47,0.6457405100956123,1
82.7557613304815,36.12260576307526,380.387652583648,3,13.48261342604772,80.65611478614497,2,18.788627778153955,59.90874597412584,12,40.889266492847256,73.10763551197715,40,0.04477845050466822,0
37.41523922560336,14.03861812204279,129.1052025456774,9,19.728884712494455,65.87833667107174,2,24.516789167463887,46.14141429897833,212,10.675568315533596,51.744727355354364,76,0.7619068201324154,0
18.79049026057455,1.215798321572692,428.74402371614246,7,23.687340295380295,69.22765645178525,3,97.16811431012232,56.92867705403793,985,25.29263464759145,23.43931467356413,54,0.9466444339935463,0
71.58097238609412,32.27361479535839,382.4968908625985,5,23.51137025813553,84.91956515653193,4,18.916718318239486,23.441136619589074,241,42.03515140056,84.00470703368367,76,0.3397688271511179,0
49.61372443656412,8.855533970352447,132.5395122567599,7,14.016787428082642,24.966800885918595,3,85.58412424358833,68.94989959553456,492,36.64007723831253,84.16236694563763,46,0.5172393817143319,0
20.983441136030095,47.02292921764572,133.93508563407676,9,7.264760916815105,48.942496364314046,4,49.73550778835544,79.02376620345828,212,27.111860274592413,83.35205825414062,47,0.3789102780588144,0
54.56592191001432,47.696428850129365,494.65583140047016,1,24.69682397924669,22.120944181960223,2,25.475876365914527,27.339184007262052,692,29.517384522938645,26.491659024338535,15,0.006710390304059954,0
13.094966900369656,45.743219511022424,249.70831830244813,7,21.777961728918683,98.7668007996647,0,87.20424022597862,17.657164441612938,337,25.418027345813996,45.61154097628893,19,0.38587450289511593,0
91.83883618709038,18.50793501277222,248.25685882675637,6,7.493253624065337,94.40593396866133,2,45.08522024526388,11.891086883706912,996,14.877422565941028,93.64906905267875,26,0.7917202592613465,1
33.290198344001524,0.7728308264433714,425.119826903001,9,23.416837652347446,3.94268113685059,2,51.96691803903933,61.357720035461284,172,28.251099642950805,74.48112286789913,52,0.5959888421834818,0
69.62700559185838,46.415928129386266,478.89943095354346,1,22.397927241242567,70.55751725156884,1,36.564103570576805,58.56752288710246,671,34.44426510250453,7.445067910300383,93,0.10125991461515893,0
38.053996848046985,21.409207415865716,494.4004255291484,4,15.376761142521442,92.52483174156659,1,59.70213429205781,53.7357930171256,163,43.666145793040386,10.868413213444285,22,0.847139489693785,0
56.80612190600297,48.33274095218348,401.35127410357666,9,16.825508714898586,18.057534512733355,1,17.188863385917255,28.555767689278035,464,31.814567698962403,46.75382391310995,21,0.5310853448852428,0
59.203925140895166,48.18099885446264,250.5038342123663,4,12.980054077402606,56.79452305526295,1,39.71707212852431,41.27247967244117,994,38.0560768521579,86.82981852754041,51,0.8417233617446761,1
26.636900997297435,42.650472773368,133.4002866794675,3,6.095232776440627,91.54882975880419,4,96.97181991119346,57.55810681489385,496,8.00358174772865,53.48316181574428,38,0.5802215187850294,1
97.26261649881027,14.722444603479284,410.8587663709747,9,11.703944832918019,3.394597858579884,3,26.555209837411628,49.741348708733554,699,23.077873720989494,49.80312572308612,20,0.5596884448379399,1
79.76195410250031,19.254886430096263,323.361699894322,2,21.057068971960227,69.742026724684,0,66.01692978958793,89.02284161719098,394,0.4665809913546648,14.492632996096752,29,0.10525918519701238,1
94.55490474077702,42.556833575842845,269.6888036987905,4,5.092640460092057,29.734900737255078,2,33.193816358244796,20.91518020453865,702,12.333943226081152,64.11020942518647,51,0.16735973313862795,1
90.5344615384884,15.846100257813884,462.5417540378944,6,11.669983433822884,92.43961953765304,4,77.57383944297347,65.6115643238075,916,36.32308575565024,78.9892844540203,4,0.9720252564965911,1
63.810998092997664,8.474637334304624,144.47899292246052,2,12.963373871818867,97.10582451653677,0,13.956492411116633,42.34550144834337,307,49.59049756746817,39.23780067568061,55,0.22848674675477076,1
92.96868115208052,27.840063122917506,297.0500417163437,8,15.747912058758457,94.42664891134339,4,97.01228346277593,44.25596919404918,767,4.9589049793607956,74.80506658327947,71,0.9774521179903679,1
17.964325184672756,46.80773870803905,104.54145790696762,8,23.39711232825521,47.42142166574638,4,45.92516459698029,67.4078212526541,182,20.074715793064414,91.80289885107304,92,0.5319127065242634,1
27.638457617723066,34.80148983374865,287.4642567976505,1,11.926919887319226,86.20426509893134,2,24.36899587129993,65.39489210594957,628,40.00354843495798,23.338981321492017,28,0.13578904706393713,1
14.070456001948425,28.50305850446825,122.52131027273494,3,11.939064037924554,84.45493985350704,3,8.276177985671254,89.30047949617506,793,10.201781731444942,52.09966680752672,4,0.09930220275369295,1
39.27972976869379,4.8588246885384265,147.52716650722877,9,19.750024962194967,31.910047324325564,1,17.806032603666534,20.27154315633002,509,27.75424746511431,30.8424162276118,22,0.20886407070573998,1
44.98095607205338,30.750361334958487,147.01049871084194,5,14.044358817796143,82.89154741506773,3,52.45762090704575,18.328771950733305,707,36.65356480148374,76.35689771304554,76,0.9256373300253358,1
34.42141285965063,49.50269250521316,359.6841208464254,6,9.49209645879964,3.700763471549262,2,34.36331446669735,67.94710537029928,545,30.79927251300895,56.98340292930418,45,0.4141502243282268,1
84.58637582367363,7.004200761826201,398.41795170616933,4,14.048790322653868,59.6269878482053,2,83.05945322237834,56.27095336051273,563,9.401236730770806,62.11241757952734,67,0.39543426799291437,1
42.10779940242303,25.916482618186837,333.34750603886386,2,7.817140407595997,23.000883728770305,2,43.65786484251879,31.932853324784467,623,17.769228434286973,76.81227436543047,86,0.313206261070174,1
35.28410587186427,43.86865359639777,484.86901938981674,8,8.527739730124466,12.056688577727881,0,25.62271298617536,16.35354951911893,763,39.18958922426986,40.63734253962094,66,0.14706185056658838,0
58.84264748424236,37.03843088771022,249.94823180948163,6,14.967355454789594,7.695320162920916,3,62.09735367379898,16.852659967714445,593,27.71132570660083,87.3581061566339,88,0.48785119719240644,1
22.683180247728636,34.8507870497634,214.28483451274428,5,13.378508990090959,69.62887758781397,3,70.97094447165914,81.53526997312946,743,0.26148067714563683,52.9725980521526,34,0.1300477825111387,0
82.19772826786357,35.12420419935546,447.4396512757841,9,23.296918021362,33.98749637680661,4,17.537148882194035,25.34938597749943,226,38.04953800140469,19.21593405518132,91,0.8354802363823276,1
16.709557931179376,17.97455756098776,189.43833540778104,1,12.247877982332662,72.47667715287615,4,17.59430241254345,35.86972496924166,744,1.7655677470119535,67.63092063519221,55,0.3703969862753065,1
98.81982429404655,14.679592213224668,485.2890157762445,5,16.61176700556087,6.535634079894237,4,4.630471266420754,28.13251217815904,732,37.286689136561606,76.3935215394429,1,0.37480356778179635,0
79.50202923669917,40.46805777392568,104.86178987592653,6,17.645285758390607,31.529033783061035,2,73.9037994914984,38.39970446655499,435,10.12402800826187,33.5085509360774,72,0.4740064284831559,1
27.884411338075516,40.50566973395904,487.95153068305564,5,5.261889131766672,53.949129237533725,3,66.7166482345587,15.55390741968747,924,47.90367400596901,82.14613312988777,87,0.4441277131657516,0
10.496990541124216,43.35361592900519,117.26396478023045,6,18.270747440334212,79.07231648389636,2,47.98845669923158,51.52478327266163,421,18.397037565104224,86.55289292891898,38,0.9948579730593216,0
83.39152856093507,45.66202762782356,456.45724547922845,6,8.560719337395028,31.875250293206992,0,84.57287444795051,15.409005087377192,553,16.346580816903955,29.921403864002805,6,0.5453811212183025,0
73.61716094628554,25.56711994304689,311.08044363451995,7,24.221406349389103,62.58913764370091,4,80.76134514205526,74.02852062578893,20,7.444402516622234,93.51693254436998,86,0.08820170378987069,1
75.61064512368885,25.07581473435998,497.18591844772016,4,7.973254555062259,88.5977748236187,2,58.95008207527846,28.696966552834642,553,15.280210774510744,17.664037524388256,25,0.60687734157693,1
79.41433120173512,39.91475894833876,129.51862589415956,8,13.292482474540474,61.58631881823046,2,86.9588567708126,53.20095316836085,396,43.83253809141003,23.181410156224096,82,0.15158429286987996,1
16.664018656068134,32.49819653888826,321.5417137605283,7,6.706993361572877,23.295947475363377,0,21.378279793640058,80.40632700491666,624,49.81671688136237,21.580235531422353,17,0.030937644731341973,0
42.261915568984534,35.098343862885166,487.7210142476396,9,24.937485036918947,2.440078155653802,1,12.08004232037506,62.07018952377553,104,18.415476525342417,85.45907390070833,61,0.9707421536772481,0
20.428215357261674,39.789633471805054,309.2391376680595,7,15.043900206624851,87.00988739009298,3,27.70521154018197,52.636622924106824,191,22.430531547727128,63.88632970924657,12,0.7735388915345639,1
87.67930832880342,44.50026709087832,351.759455254105,3,16.907700346400876,2.126941085038714,1,6.651598752842171,35.94670024923005,16,36.10354691013685,18.68938549000456,6,0.9801089924137669,1
66.09683141448022,16.89975784257679,378.29947559384686,3,6.34152954776855,87.47016726841994,4,53.58578327210217,36.64015304465583,119,44.30978902325373,44.62910765315141,90,0.47787844802224244,1
39.78082223673843,18.7791476319972,281.8164259071093,8,19.999209407983557,52.8937134027212,2,93.72396353720119,63.55895641585521,392,29.652216709339207,60.37682225628218,27,0.5322575311489761,1
15.720251525742128,4.69909699204345,351.0232320336254,5,9.198111861911716,93.90676985128962,0,4.895010526182455,89.5311488976934,424,19.576284908891466,12.511767649044497,8,0.16833695591913023,1
37.9884089544096,28.9140070498087,333.72572476924006,4,22.961085788814273,79.87832357736654,0,13.088881486992653,62.94713518795029,128,20.631092042431188,84.41747315666049,83,0.24690742666758558,0
39.266498982407235,1.7971136898371043,460.46320419639557,8,9.102792809640142,99.79341105333374,3,45.76770380006009,54.62267338960199,129,34.78090732484034,77.32431818973816,65,0.8385492149028282,0
75.66455605042577,23.27990090662301,118.17855213658315,6,8.813754413273331,35.071181545171015,1,93.45362673526259,68.45204081913968,571,0.16091318021393408,50.46860962189744,57,0.35618564711759415,0
67.38017242196918,27.13223173537883,212.38527583689213,2,5.730993356961898,76.71882889311269,3,32.2994543926983,47.21644898269745,559,30.979466872992035,92.04139537332534,93,0.826814973796419,1
89.84914683186939,14.32706260641422,480.1645936306235,4,14.441338902199984,40.193091360924214,2,51.21624606015085,14.811387408062817,28,17.77465052206787,42.59848813475897,99,0.7090137242870318,0
52.49934326457544,29.541663028450536,456.10551355636653,4,16.29682266525233,47.98756203039088,3,5.115713045988818,54.98374527023279,96,39.70986656385421,93.56992871328481,40,0.1771709252718655,0
20.763482134447152,1.5250124969524714,282.26270111428516,6,6.314172788567047,62.75054632183701,0,15.685976895246798,86.61002276043041,9,4.649531991156608,65.11279989232644,14,0.5074463661197421,0
74.19203085006956,1.8674094374607209,348.0530391206147,6,20.51055233390021,87.36771141863387,0,98.67638217292584,24.024235388612773,241,29.410113347419525,62.12041459285473,35,0.6773873215187168,0
78.47065437552077,41.13002803298291,210.95247319245306,1,14.065776694960553,98.40834691992951,4,96.5467509471685,65.20039126565325,825,24.04864449430619,19.935940576620652,48,0.2350372148038251,0
60.51494778125466,18.009532070563143,175.24846388950454,8,15.487805386551601,76.82734138645182,4,1.489058112506552,26.074695092724518,955,32.11627629526137,84.37349824741796,84,0.8306885105200769,1
79.38704619591049,6.353025632594239,285.4793619759929,6,13.815254938764562,41.77667821673337,2,95.22936675690066,52.8662147578465,231,3.2426797241484175,43.474071912855365,56,0.5448276575451868,0
54.44160367279517,26.112163002740218,241.34089121042112,3,13.01526121750652,42.13570022770702,1,64.27287384373454,17.73411597173757,788,28.999189371406565,19.60100652042314,49,0.1652420504426032,1
57.045954644379464,38.499677654930544,333.4624447403488,9,16.19280662616436,73.75823015888915,3,86.9239111574822,46.02967490065481,283,28.074229397976186,6.134676797818313,13,0.5829844261646024,1
48.47869165226947,10.791051374842159,131.09385478599393,2,8.10480491861425,23.877714576830233,2,46.01924570775205,70.49306631161969,714,28.033004720808545,55.37801152745443,61,0.999713804155914,1
12.287721406968567,31.144523790950014,489.7579230664666,8,8.638562609905422,11.047411313139467,4,52.044006829345776,37.80572193911857,758,30.17438332982274,52.46596599104087,49,0.15052149166341355,1
19.7102284293974,4.2673732496884,494.48429779184113,3,22.235712420270346,35.462215764077655,3,49.3958114454351,63.19293795897744,801,33.82339686131811,69.74182601322427,46,0.8167569301195281,1
12.828626711806082,2.584086058430385,379.26468560789806,5,23.922309242672654,28.723899165408174,4,67.01956149706433,73.63599686317833,775,40.249449984038485,85.1232247716022,62,0.20730900318755796,0
67.27693701374024,26.5677315784074,314.43854653764816,6,12.466186325595059,29.630812045599008,3,14.825474220874977,84.17422555835621,954,13.491036006410717,12.146592617872656,8,0.7823883294600873,0
38.2920382968694,27.031756080505325,223.81104651453109,6,10.414893462871076,23.360775104990992,1,3.9673853973951174,28.771366548436283,725,41.2524705090031,70.83468413063261,43,0.7345779231214132,1
55.77136220482325,31.871495074910328,425.51800788277944,4,17.879990864780314,4.209318963636188,2,31.4850642175279,41.94527326474465,199,24.91278411317268,21.8670749687824,20,0.30048938560043237,1
91.68098265334837,36.30456668613308,373.89246902155173,3,13.174683421961928,1.787393473341381,3,70.76339551092802,22.193281066433393,944,3.8529139567165585,82.23593478414476,97,0.3258231175644498,1
32.43630062339874,48.79260397312673,165.04677573795652,4,5.507727113206897,98.77223897360315,0,20.983491760171887,89.39868017267001,78,2.92754646219896,78.71571624754905,90,0.7925213919629192,0
46.93446307320668,25.815017415059767,464.370873797537,1,8.123051947323807,42.77731337358623,0,67.66981089916682,84.16007743394363,912,16.71191593480304,53.671437948698994,39,0.46144551188731264,1
77.99960246887439,16.1478236470623,429.0148971692676,4,19.31944457694795,38.432664715968166,3,97.02129256461977,53.196570422444765,955,39.24484885557338,68.92185187609803,85,0.7308180287118088,0
30.59183489424602,39.759309738435185,479.9199653167696,1,18.178478838203027,67.96472826930699,3,10.29617086315242,77.3626635501137,854,35.384046737045786,33.29151018653735,49,0.14798414736583476,1
16.92819188459137,13.541612563103712,390.287803355344,1,5.54191985006967,21.825388786506416,3,67.5876097042875,51.67663818176337,855,39.43074823362032,47.405110903953315,64,0.8525577819015535,0
36.077630762239124,21.948571035281805,345.366078374316,6,9.439443238658988,94.99611839502253,0,44.93127171115254,59.88685504022078,172,25.86345282208047,78.94732079394245,62,0.7108847166823191,1
24.5099158528604,3.9228190671132976,267.29721451624755,5,9.621495931761428,78.6345014415552,0,86.94608318337303,17.12995456928133,466,22.00994989777453,46.33386774558925,54,0.9069428088348339,0
93.67278871083158,1.2675371707728755,473.0913933416053,4,18.43785487197457,8.94110023122595,3,18.537829155291206,70.42163363974464,580,7.372626335314197,37.20184387928976,9,0.13237237903497245,1
82.73083416079753,48.132420733896254,446.42555580016335,3,5.394210755087283,41.75807757849284,4,69.56996927039029,20.217078690818788,415,16.40963768046558,49.47912025252699,88,0.5930145003605977,0
67.00633808593811,41.79900602561029,118.08746804247576,1,7.082171639691477,87.91183075621647,4,83.97341367516292,76.08541042020227,939,21.700968308693763,79.54243271934965,37,0.5991205850403252,0
88.43145311689459,34.798710304684896,110.5467897989008,6,20.998321707463788,94.47320222914102,1,94.5168077279283,72.56224701363087,448,4.430021483980862,35.16872426337855,49,0.35346074054678245,0
82.33048692092031,20.447647220713495,250.58534675121984,2,8.570893241086672,46.74015112498697,2,68.64155480067494,66.69957581943811,86,11.030597635560563,20.63854338221694,41,0.4584664245692578,0
26.791305299743225,8.664716003542289,424.2213323127332,8,18.054922157037495,61.34113892107077,4,50.2203016368343,12.89283044198097,100,29.91126470318694,69.08126182977027,17,0.03798156328985347,0
90.330309864098,7.8218521335543025,494.9104517259778,5,9.76365562093453,16.70339460920752,0,62.16687677992017,34.250268475626285,7,36.783155711959495,79.33803914372736,88,0.745860038627012,0
58.540801772408564,12.512144908229766,160.16675644141128,7,6.988827855186903,99.11686261369765,4,87.0215934633931,31.04900559286743,844,49.91737556964748,14.057373067118,21,0.549322479403174,0
82.66961396476563,27.461333235306025,337.652286140854,2,9.863443819989081,23.16717013834434,1,57.490364917244136,38.810912597721526,199,46.65566656717788,26.588670148035025,51,0.057741051869173776,1
90.64821699311439,35.72979613500312,252.3563426524086,8,19.44533863711318,94.27317741351257,1,4.0083189099868495,17.011419741107083,504,32.12825997675958,17.77747907848945,59,0.6807558929604856,1
38.62031274746775,33.009868835886564,487.96575912584126,2,22.113929362125717,64.96466489923685,2,93.1639208551908,84.95662584248502,86,21.0624026647036,36.31472704239499,39,0.4667820772311879,1
19.90467320749091,13.996694847297142,436.8475692542835,4,21.604397291339833,60.773679487885914,4,69.26314835212455,54.3041792569901,42,31.808868235411637,45.53158810148714,55,0.034461259425,1
30.51416462877475,47.743264033159704,435.3314818844551,1,12.943670592369097,51.26885110165086,0,67.9748251919474,34.44194485264188,384,39.282580904011596,72.39437032669758,41,0.9696077268480954,1
48.43970097636307,36.89484583478843,287.4772639179881,5,18.361702731412922,23.06698117177587,0,22.351840087374,41.75852136594267,620,5.916809546169366,63.603282639350674,39,0.9491121430894405,0
83.62132893302439,27.717702625570034,265.9278009350661,9,9.09968590831642,17.652803200550828,3,66.22966155303307,45.77620324038685,434,20.495244484814414,60.8835710730588,13,0.5129024161471976,0
87.46575249307091,30.58603731171761,209.3628287722825,1,10.862954605220265,22.048620907017536,0,39.99257615976169,58.047546668849385,407,41.99011428178086,36.71374519486889,64,0.0936724207059102,0
10.625691747807164,20.980003121389494,122.55019866037085,9,22.926716370422394,18.643826214425452,2,65.47206472710772,51.25435421571982,482,19.1916475966522,80.7302797776284,11,0.7546212215985918,0
55.967257231980916,12.386549475057873,445.88895050202126,8,5.26003847021472,77.95844735667534,2,11.552710000491082,83.55135785715339,663,28.593613561359327,47.41584506583481,19,0.49193110010572905,0
47.56699028339011,17.798633932563078,425.16040365203105,6,6.710170617089362,35.01252591667301,0,66.12668515570057,49.75707863246642,16,29.38846804310991,93.11944442136391,11,0.3024474782893799,1
29.98970294236572,37.892305523218454,499.8870693144522,7,9.157725102920546,5.784267656339637,0,99.941958851296,89.372641185865,644,9.223812656681968,62.07279244661632,77,0.49141817752855677,1
20.787883060031454,0.7196744314877934,498.65473482956213,3,5.530644077476394,96.91026301408114,3,5.772991847195047,78.11399661960766,147,18.11177208261442,16.363826740805244,46,0.5224441454054645,1
40.385365426326516,5.803632025345812,322.172682241051,1,8.628708701795947,88.37858849634257,0,97.74024423791042,26.680841148586865,276,16.725564437096608,65.85598058678906,45,0.5627116990223392,1
94.86187335212672,2.3001321010876374,407.5949660722042,5,16.66083121939384,92.77522831952129,3,41.28388811156419,84.4476171715133,231,1.3098354266032397,34.25936138885291,1,0.44122371365532653,0
39.088263881867974,2.0364401159485066,477.90629195297123,2,13.428491011849959,99.49078226464353,3,87.20459158338866,19.309311830838087,825,1.2095881945677622,66.76944770174876,40,0.6057553031390567,0
56.691155956902946,42.77302920055036,439.8589562709646,5,22.853434221539498,17.38952492194873,0,78.45616292176908,75.39597667929533,926,41.584852183788676,11.267703334616517,19,0.9187347106063773,0
73.27170630056601,35.18289296900118,198.93924069727905,8,21.34887123476882,39.62420189026587,1,57.13460983768011,40.4498634781264,365,13.65354049864062,20.739329345836346,76,0.36226808709859115,1
42.726664214136456,23.70869145436626,280.2176541240374,9,11.83634703395752,75.82384757040913,1,74.10647171588133,80.23794563560556,227,25.90393831194077,82.01635330152077,72,0.7257164632199491,0
97.46038744488646,4.891708032550074,151.663766060598,2,10.18846866862585,69.60206180537922,3,87.97304056883344,79.44453520859602,650,14.936278679438653,25.44616013211634,72,0.8944525568242322,1
96.62025654479001,24.58079375584162,481.62041090348896,3,12.593848163345339,15.389590633985506,0,41.009891843452266,74.4740320094097,435,47.03396225576702,80.3337012718646,61,0.4559792757599369,0
32.66040662428277,23.673588539028284,342.469853780352,3,16.805898850296153,81.58331249906178,1,33.37628299476063,73.20243490456491,398,12.964837943288687,30.134847960896938,12,0.4434558363819041,0
54.75236553031469,8.660093495500758,191.4571222013851,1,10.361272816457525,22.444057183666068,0,67.0917451707949,34.37433112784326,210,21.482840636946754,62.85937190528369,61,0.6021169853547795,1
37.07904788350927,21.692582461898652,368.68027376234267,8,17.482978156982682,22.38176148226231,0,80.9767482521846,16.473542644100174,390,43.63651252423009,67.47355161588479,33,0.5914067594224881,0
35.63564449397208,19.92523671986867,347.25129618315833,6,13.188233043824809,53.69744228934136,0,76.46622834288496,42.23841430121291,498,42.09667833959043,51.13892778305476,45,0.806589342326277,0
13.319825261907951,30.792504902610823,243.2650872131362,8,16.040943617039606,59.293993484170315,4,79.98355123700482,23.881961198920692,539,9.305070892313866,32.47796090270582,90,0.4764833837782927,1
64.86079005819072,31.75468254338219,145.42303687985162,9,13.722530582706334,58.00862078378112,0,44.12274816648036,65.59608711219694,562,40.13216548978552,24.13799387339865,92,0.9961229496394411,0
55.24111209059753,2.265200488602226,368.6292782371198,5,10.889315190838353,9.148683739775487,4,81.96558740132714,37.687978123022845,490,22.909344336894634,7.98704191061836,69,0.05947156886728078,1
14.633087612499041,18.73063073132356,308.1230803615173,3,23.969066139243132,87.74608626303804,3,12.900696481690236,88.04881606879319,441,24.14844360426776,32.355176111665145,8,0.0031678485807017376,0
35.07818178129503,31.29299578571182,408.9273566942557,5,20.272115883195216,26.560004258870606,1,54.904420698124106,61.27776618762656,260,6.673998620797189,63.784651147815474,25,0.6401983115596238,0
91.74392973699884,25.156812929004385,308.0654004447973,5,7.8022635153290505,12.951492128280417,1,1.5701073893140354,75.79844509074887,772,4.0300756878562325,89.44743366036344,91,0.2984349123618767,0
31.560570160027517,42.824492059416116,440.87260012741604,5,22.369359517958255,88.87480798689772,1,33.13399716012676,20.601973819347876,349,36.39696534868826,83.40840340367468,46,0.2403823886994838,0
23.04053848821008,32.93468158094725,320.7627355097942,3,14.748623964990273,95.56514982297534,1,37.27969195226839,78.9611585818098,351,24.823057617764988,73.94582988817723,87,0.31189908000428046,0
54.05074842498067,8.146721354071484,324.37518861415447,4,22.89104453788183,86.21276172654507,1,40.22109646931629,83.82057524107155,519,21.84253513075898,75.96026089279688,30,0.2560475651049543,0
98.70854086995406,3.528437370021492,450.66144106333803,9,20.997105118946305,80.95160747248781,1,69.85125346229636,48.96495350551487,319,36.475411432619836,64.84864131283958,47,0.03079004966044785,0
31.784974436035036,32.12096391031578,261.39314648495883,9,13.504270089384669,65.52419806390218,1,39.467252025764225,58.50023502007819,137,38.275644949555485,28.42581718094027,87,0.9715330423905887,0
70.49219926652907,1.3255655270810907,153.6060913802563,2,5.449386166402348,55.08573706091393,3,45.420668639630534,71.18478407223964,549,7.945408383467678,86.64755276352469,49,0.22074548845278175,1
78.54576537958458,29.288779063673164,111.51307052533559,8,10.373547187698922,8.698675991141014,0,24.51686895655842,23.987090180833004,622,30.511257473882065,65.36590807152507,47,0.7340297625893063,1
31.38737895931597,47.01151207124788,402.0549022694476,8,15.832684293217339,40.845321307069874,2,37.95192737130467,50.205286117075396,991,6.767704113884276,55.439656788239596,84,0.7625963946941753,0
75.53947137506736,28.77370889379395,348.12382054138584,7,17.669564396522944,37.2688517012314,4,23.499693099051996,41.89304222178505,367,37.56875430145229,14.989052229213296,82,0.9292573980072293,0
43.10048194473279,19.408496310326097,381.63190723968944,8,10.157753708664046,25.97537837603262,2,8.24639645307592,21.70991937297993,219,32.84775781335698,45.23499894257829,18,0.030549457093379973,1
66.90752475342215,32.16441092211766,185.1856646035643,3,7.787121481456483,72.3420113688585,2,60.741410744756415,39.40275378332252,336,47.8307310541729,46.43224440817337,66,0.8720483384470077,0
67.01767396848052,22.912644524575832,154.5485902347079,6,21.69860473598598,49.58757350787708,0,67.15306705694661,15.453784750839485,222,3.447900817821059,82.8107248570403,68,0.5272261808398002,0
58.21972156672826,27.280839465796745,105.81786626715277,1,24.68804361407104,8.104621590764793,0,62.329544254951834,12.064952555958959,647,2.8527360575627156,54.19833981690096,94,0.6325441099658279,1
18.12607930489675,47.07324043882626,240.23502352263878,7,15.513803646053717,22.018320194981133,0,46.885910336256664,20.81330313238582,767,14.109353734660008,39.23604940733687,33,0.6444702771210337,0
85.17722460303142,19.305131890038712,335.96707474185325,1,8.43358571696607,68.32587636595959,1,38.59879223774375,87.0492089271339,359,13.085284186795299,92.91202956595934,36,0.8197978049847275,0
38.870205847456226,48.05952819119571,256.8976180398929,9,10.446146530387379,7.613085949030019,3,86.4700313076107,53.96236287160136,920,12.348939953599992,14.96485339936841,82,0.3334073221591105,1
26.786665935986882,45.26753209780318,274.98996880949164,1,5.367813530949334,85.12069140487687,1,52.38909672848559,87.2657728922576,328,45.312729026051834,43.02935854807502,19,0.7330511898599934,0
13.669762739928753,9.789556739464821,461.66347779749935,1,23.28597613120998,49.51465270139743,3,48.43900588534336,44.59983026641056,961,12.477309992475305,8.782220765426477,28,0.5285781097221971,0
63.18036488694176,3.4680650437582727,239.30218680932015,7,7.355021657802823,48.0586577326648,3,3.538564514837133,34.945290646820766,462,13.59748630643155,71.59137086902373,40,0.7933940143053477,1
70.98079256580542,5.038900068871333,305.5957956639243,2,16.53032951028507,59.24077846595176,2,34.783534934989476,50.49134902721953,945,37.969913120898184,87.62688969792356,84,0.9905460327701334,0
11.492904603507053,0.9110912825774864,413.4612050964572,5,10.48110441374412,82.46809659251491,2,38.63936625979985,45.16093509063281,962,22.486992122527,30.20335965954405,97,0.20065101740376123,1
56.088375246935286,4.72214803779642,258.61711292850805,8,16.083560050315867,34.780920790219305,3,40.48345530879315,18.453174740939513,560,38.83552784775906,82.25075091192087,76,0.9946486415599979,0
30.384619767814417,34.150338670817845,348.8346800911494,8,18.028407767037287,67.80161525590636,3,58.4370645535059,61.266105175216495,803,3.268307878219262,31.299640741570798,15,0.089812154282774,0
68.06555113685049,3.559432423011449,444.9454834986981,3,21.594836074144034,56.5731963995791,1,53.82665212596097,27.28305460076797,381,24.378559683669216,86.96931454795237,41,0.002317547904813866,1
25.69297861044923,15.948781514688065,479.8082494630568,7,9.128425435212064,26.70282701694213,1,61.18260418655102,59.56703639182636,835,1.6806800091641316,72.85657132371055,39,0.04416193617783126,1
72.18439642922193,42.24376554847273,158.82939237161517,3,5.219916573169609,87.8629986355158,2,76.7234428926707,62.01608739185227,589,3.132660172767726,77.44160991572947,2,0.3417824047367617,0
44.806181167048365,1.1635967867912933,470.63505006459775,6,7.7377126013761455,79.74260216069281,0,81.48558813289326,22.16198825029185,616,45.321872667220546,6.6205900040409045,63,0.6329063306784342,1
94.30569898630611,40.72342412944679,296.84651723181526,6,23.0003728369621,65.84518346584255,3,72.09418454642295,14.907970168853453,168,6.962268555879758,91.65293213666233,29,0.06902954088784963,1
22.376884973139394,14.092738738669997,203.29775531958336,3,22.477801551250305,85.05817290942419,1,95.59684589953854,72.46092688547519,216,26.621034113760857,70.40038928632909,74,0.00566581452956727,0
40.695971594523265,5.908241381082813,283.65430249530453,7,16.948262043406167,86.72942009598023,2,2.8050256849598014,46.78403390154561,377,20.554780130035326,32.427598584752,66,0.9370910284587948,0
20.212616911653015,34.836858268207536,492.0130301141908,3,17.010337208673068,70.83629767150347,1,20.382020582671064,14.653103640438063,118,17.367166312942135,79.64551983729622,51,0.8219266359399297,0
93.22242564507064,31.4471423389942,297.04723759714784,8,18.30073349092511,83.7013328363672,3,1.74872462283607,89.58930537358137,189,44.99166728436362,30.336907857343697,75,0.809183171139031,1
88.9605418042883,43.873600676352645,231.5006441150033,4,8.507425572468993,69.74714616692836,3,65.0999967013057,14.622444879709331,766,1.091169838774475,83.54784556095152,77,0.8844242755019771,1
33.21474649436401,36.75355219019429,353.3603417266903,1,23.288238918499196,68.01407717603004,4,89.9050243460487,65.60281830868425,369,33.189484308779456,15.132235137074332,10,0.7000342727721044,1
69.39856414307611,40.17404651924243,196.05824751127722,4,13.375410497841463,61.86113782151843,0,25.10474736105363,88.69431402107308,777,48.16972171067752,68.33173797147163,14,0.10440412974808144,1
83.54999801810942,14.101728628565324,130.34533124346558,7,12.662770564989948,75.27166395576413,4,92.77641993483437,29.13440833727405,148,28.008409173092097,53.66286289804193,82,0.39910018807372305,0
59.96807304395161,8.871977188986142,151.55188876425967,4,15.37835410565675,15.86051052930737,2,6.966471638666524,21.379949494975694,675,46.84112310165459,13.688102317589673,51,0.7231494864646295,1
57.66855205204058,37.53073758204292,151.21833558310897,6,5.939319335501101,88.08707591989284,1,93.50916665374592,19.71079515379431,651,2.6128939643011884,26.770444543295508,73,0.2803344607915209,0
31.76670618104065,40.3417369633632,160.76107740491773,9,8.325667375121588,87.1843527745232,2,35.81064603672381,34.262011805407646,858,20.93966595370807,6.116363264958331,39,0.6874063641362376,1
18.379249102530927,49.52525710003366,155.53086905976406,1,19.76067232852741,2.9247283034559146,3,11.040662016472435,18.083664880851735,487,13.007889548102558,47.189116891805526,28,0.02449844826765235,0
90.74941821579941,20.630883845571326,356.34989792128584,5,6.655973358502529,82.58167505647627,4,49.10130415944624,65.37290733553056,769,36.54104824903649,32.11387346840003,3,0.3061373408795932,0
91.03762514469975,18.600904289639157,172.75203375965793,7,17.063042189327764,12.886986747344519,4,26.420880204330285,14.983343850405015,373,49.064854524862334,58.852173586798294,84,0.5491303362771727,0
66.97913115459411,38.82064803709984,238.26691332954528,1,9.906982193626419,33.51188542591419,4,29.20241729423036,50.75377025198318,780,12.82650312221239,31.751402693775546,70,0.6320898295062423,1
40.51268119438306,17.040177012650894,458.71536396240475,4,12.785912280839531,74.35082562916078,2,31.42170652770237,89.73574830823814,692,32.70873007370373,31.992720035628622,27,0.5770406644619108,0
41.428861715139476,46.537866280178235,289.58465610514895,6,10.773874735413997,16.07598960483082,3,80.49956388543367,75.11762156048151,159,9.904881637987007,71.8873878858443,2,0.6977562760734295,0
75.33601109832155,42.92063759215059,367.0230954084109,2,12.113454329298982,81.79670241190622,1,54.37696639085019,59.21755505848087,350,28.266512728580494,9.33285523805181,93,0.00608874823983907,1
90.73992339573194,21.44970136875092,168.92794848065193,5,19.38091810368491,83.21341779577419,1,31.81946221644436,34.500289662928935,911,23.19662433441681,86.26054956727886,38,0.10094119997752149,0
89.83777818386056,37.54355338957487,176.9156075234683,1,10.9424343124635,50.746773376083624,2,61.42304454778092,59.91166690333108,287,48.60026648157685,81.70374869520633,3,0.8689442522791451,1
80.18879912718614,37.727143704234116,116.34744650659155,6,16.328092805937942,0.638587171683358,4,71.89891674809616,52.163317112932134,287,30.42636363482333,65.10242149037659,16,0.6817486440901612,1
